metric,fname_pdb,res_id,ELEN_score,avg_per_chain
lddt_cad,1ubq_A.pdb,1,0.891,0.924
lddt_cad,1ubq_A.pdb,2,0.935,0.924
lddt_cad,1ubq_A.pdb,3,0.966,0.924
lddt_cad,1ubq_A.pdb,4,0.962,0.924
lddt_cad,1ubq_A.pdb,5,0.967,0.924
lddt_cad,1ubq_A.pdb,6,0.921,0.924
lddt_cad,1ubq_A.pdb,7,0.901,0.924
lddt_cad,1ubq_A.pdb,8,0.842,0.924
lddt_cad,1ubq_A.pdb,9,0.872,0.924
lddt_cad,1ubq_A.pdb,10,0.902,0.924
lddt_cad,1ubq_A.pdb,11,0.893,0.924
lddt_cad,1ubq_A.pdb,12,0.929,0.924
lddt_cad,1ubq_A.pdb,13,0.911,0.924
lddt_cad,1ubq_A.pdb,14,0.955,0.924
lddt_cad,1ubq_A.pdb,15,0.962,0.924
lddt_cad,1ubq_A.pdb,16,0.935,0.924
lddt_cad,1ubq_A.pdb,17,0.955,0.924
lddt_cad,1ubq_A.pdb,18,0.949,0.924
lddt_cad,1ubq_A.pdb,19,0.964,0.924
lddt_cad,1ubq_A.pdb,20,0.958,0.924
lddt_cad,1ubq_A.pdb,21,0.968,0.924
lddt_cad,1ubq_A.pdb,22,0.97,0.924
lddt_cad,1ubq_A.pdb,23,0.966,0.924
lddt_cad,1ubq_A.pdb,24,0.935,0.924
lddt_cad,1ubq_A.pdb,25,0.962,0.924
lddt_cad,1ubq_A.pdb,26,0.972,0.924
lddt_cad,1ubq_A.pdb,27,0.968,0.924
lddt_cad,1ubq_A.pdb,28,0.97,0.924
lddt_cad,1ubq_A.pdb,29,0.96,0.924
lddt_cad,1ubq_A.pdb,30,0.971,0.924
lddt_cad,1ubq_A.pdb,31,0.931,0.924
lddt_cad,1ubq_A.pdb,32,0.946,0.924
lddt_cad,1ubq_A.pdb,33,0.931,0.924
lddt_cad,1ubq_A.pdb,34,0.926,0.924
lddt_cad,1ubq_A.pdb,35,0.927,0.924
lddt_cad,1ubq_A.pdb,36,0.917,0.924
lddt_cad,1ubq_A.pdb,37,0.936,0.924
lddt_cad,1ubq_A.pdb,38,0.953,0.924
lddt_cad,1ubq_A.pdb,39,0.919,0.924
lddt_cad,1ubq_A.pdb,40,0.871,0.924
lddt_cad,1ubq_A.pdb,41,0.954,0.924
lddt_cad,1ubq_A.pdb,42,0.902,0.924
lddt_cad,1ubq_A.pdb,43,0.967,0.924
lddt_cad,1ubq_A.pdb,44,0.94,0.924
lddt_cad,1ubq_A.pdb,45,0.921,0.924
lddt_cad,1ubq_A.pdb,46,0.928,0.924
lddt_cad,1ubq_A.pdb,47,0.905,0.924
lddt_cad,1ubq_A.pdb,48,0.899,0.924
lddt_cad,1ubq_A.pdb,49,0.919,0.924
lddt_cad,1ubq_A.pdb,50,0.953,0.924
lddt_cad,1ubq_A.pdb,51,0.92,0.924
lddt_cad,1ubq_A.pdb,52,0.951,0.924
lddt_cad,1ubq_A.pdb,53,0.959,0.924
lddt_cad,1ubq_A.pdb,54,0.945,0.924
lddt_cad,1ubq_A.pdb,55,0.977,0.924
lddt_cad,1ubq_A.pdb,56,0.97,0.924
lddt_cad,1ubq_A.pdb,57,0.964,0.924
lddt_cad,1ubq_A.pdb,58,0.975,0.924
lddt_cad,1ubq_A.pdb,59,0.96,0.924
lddt_cad,1ubq_A.pdb,60,0.939,0.924
lddt_cad,1ubq_A.pdb,61,0.956,0.924
lddt_cad,1ubq_A.pdb,62,0.923,0.924
lddt_cad,1ubq_A.pdb,63,0.93,0.924
lddt_cad,1ubq_A.pdb,64,0.923,0.924
lddt_cad,1ubq_A.pdb,65,0.946,0.924
lddt_cad,1ubq_A.pdb,66,0.966,0.924
lddt_cad,1ubq_A.pdb,67,0.953,0.924
lddt_cad,1ubq_A.pdb,68,0.929,0.924
lddt_cad,1ubq_A.pdb,69,0.951,0.924
lddt_cad,1ubq_A.pdb,70,0.925,0.924
lddt_cad,1ubq_A.pdb,71,0.84,0.924
lddt_cad,1ubq_A.pdb,72,0.787,0.924
lddt_cad,1ubq_A.pdb,73,0.827,0.924
lddt_cad,1ubq_A.pdb,74,0.746,0.924
lddt_cad,1ubq_A.pdb,75,0.691,0.924
lddt_cad,1ubq_A.pdb,76,0.613,0.924
